Comment,Designator,Qty,KiCad footprint,LCSC,MPN (JLC),JLC package,Stock,Type,Unit USD (1+),Ext USD,Assembly,Checked,Link
ESP32-S3-WROOM-1-N16R8,U1,1,ESP32-S3-WROOM-1,C2913202,ESP32-S3-WROOM-1-N16R8,"SMD,25.5x18mm",28065,Extended,5.1371,5.1371,JLC SMT,2026-10-08 02:09,https://www.lcsc.com/product-detail/wifi-modules_espressif-systems-esp32-s3-wroom-1-n16r8_C2913202.html
10uF,"C1,C4,C5,C6,C7",5,C_0603_1608Metric,C19702,CL10A106KP8NNNC,0603,9803287,Basic,0.0319,0.1595,JLC SMT,2026-10-08 02:09,https://www.lcsc.com/product-detail/multilayer-ceramic-capacitors-mlcc-smd-smt_samsung-electro-mechanics-cl10a106kp8nnnc_C19702.html
100nF,"C2,C8,C10,C9",4,C_0402_1005Metric,C1525,CL05B104KO5NNNC,0402,22193039,Basic,0.0045,0.018,JLC SMT,2026-10-08 02:09,https://www.lcsc.com/product-detail/multilayer-ceramic-capacitors-mlcc-smd-smt_samsung-electro-mechanics-cl05b104ko5nnnc_C1525.html
22uF,C15,1,C_0805_2012Metric,C45783,CL21A226MAQNNNE,0805,3925500,Basic,0.2202,0.2202,JLC SMT,2026-10-08 02:09,https://www.lcsc.com/product-detail/multilayer-ceramic-capacitors-mlcc-smd-smt_samsung-electro-mechanics-cl21a226maqnnne_C45783.html
10k,"R1,R2,R13,R14,R15,R16",6,R_0402_1005Metric,C25744,0402WGF1002TCE,0402,22127768,Basic,0.0034,0.0204,JLC SMT,2026-10-08 02:09,https://www.lcsc.com/product-detail/chip-resistor-surface-mount_uni-royal-uniroyal-elec-0402wgf1002tce_C25744.html
1uF,C3,1,C_0402_1005Metric,C52923,CL05A105KA5NQNC,0402,8511992,Basic,0.0107,0.0107,JLC SMT,2026-10-08 02:09,https://www.lcsc.com/product-detail/multilayer-ceramic-capacitors-mlcc-smd-smt_samsung-electro-mechanics-cl05a105ka5nqnc_C52923.html
C318884 (RESET/BOOT),"SW10,SW11",2,SW_SPST_TL3342,C318884,TS-1187A-B-A-B,"SMD-4P,5.1x5.1mm",450167,Basic,0.0205,0.041,JLC SMT,2026-10-08 02:09,https://www.lcsc.com/product-detail/tactile-switches_xkb-connection-ts-1187a-b-a-b_C318884.html
TYPE-C-31-M-12,J1,1,USB_C_Receptacle_HRO_TYPE-C-31-M-12,C165948,TYPE-C-31-M-12,SMD,419942,Extended,0.1857,0.1857,JLC SMT,2026-10-08 02:09,https://www.lcsc.com/product-detail/usb-connectors_korean-hroparts-elec-type-c-31-m-12_C165948.html
5.1k,"R3,R4",2,R_0402_1005Metric,C25905,0402WGF5101TCE,0402,5920486,Basic,0.0024,0.0048,JLC SMT,2026-10-08 02:09,https://www.lcsc.com/product-detail/chip-resistor-surface-mount_uni-royal-uniroyal-elec-0402wgf5101tce_C25905.html
USBLC6-2SC6,U2,1,SOT-23-6,C7519,USBLC6-2SC6,SOT-23-6L,49925,Extended,0.1767,0.1767,JLC SMT,2026-10-08 02:09,https://www.lcsc.com/product-detail/esd-and-surge-protection-tvs-esd_stmicroelectronics-usblc6-2sc6_C7519.html
B5819W,D1,1,D_SOD-123,C8598,B5819W SL,SOD-123,453537,Basic,0.028,0.028,JLC SMT,2026-10-08 02:09,https://www.lcsc.com/product-detail/schottky-diodes_jiangsu-changjing-electronics-technology-co-ltd-b5819w-sl_C8598.html
AO3401A,Q1,1,SOT-23,C15127,AO3401A,SOT-23,792451,Basic,0.1017,0.1017,JLC SMT,2026-10-08 02:09,https://www.lcsc.com/product-detail/mosfets_alpha-omega-semicon-ao3401a_C15127.html
100k,"R5,R8,R9",3,R_0402_1005Metric,C25741,0402WGF1003TCE,0402,8458602,Basic,0.0024,0.0072,JLC SMT,2026-10-08 02:09,https://www.lcsc.com/product-detail/chip-resistor-surface-mount_uni-royal-uniroyal-elec-0402wgf1003tce_C25741.html
MCP73831T-2ACI/OT,U3,1,SOT-23-5,C424093,MCP73831T-2ACI/OT,SOT-23-5,4870,Extended,0.782,0.782,JLC SMT,2026-10-08 02:09,https://www.lcsc.com/product-detail/battery-management_microchip-tech-mcp73831t-2aci-ot_C424093.html
3.3k,R6,1,R_0402_1005Metric,C25890,0402WGF3301TCE,0402,2076622,Basic,0.0035,0.0035,JLC SMT,2026-10-08 02:09,https://www.lcsc.com/product-detail/chip-resistor-surface-mount_uni-royal-uniroyal-elec-0402wgf3301tce_C25890.html
15k,R7,1,R_0402_1005Metric,C25756,0402WGF1502TCE,0402,1009473,Basic,0.0016,0.0016,JLC SMT,2026-10-08 02:09,https://www.lcsc.com/product-detail/chip-resistor-surface-mount_uni-royal-uniroyal-elec-0402wgf1502tce_C25756.html
22k,"R10,R11",2,R_0402_1005Metric,C25768,0402WGF2202TCE,0402,791296,Basic,0.0024,0.0048,JLC SMT,2026-10-08 02:09,https://www.lcsc.com/product-detail/chip-resistor-surface-mount_uni-royal-uniroyal-elec-0402wgf2202tce_C25768.html
39k,R12,1,R_0402_1005Metric,C25783,0402WGF3902TCE,0402,212317,Preferred,0.0024,0.0024,JLC SMT,2026-10-08 02:09,https://www.lcsc.com/product-detail/chip-resistor-surface-mount_uni-royal-uniroyal-elec-0402wgf3902tce_C25783.html
PCM12SMTR,SW12,1,SW_SPDT_PCM12,C221841,PCM12SMTR,SMD,11194,Extended,1.7834,1.7834,JLC SMT,2026-10-08 02:09,https://www.lcsc.com/product-detail/slide-switches_c-k-pcm12smtr_C221841.html
LiPo 3.7V,J2,1,JST_PH_S2B-PH-SM4-TB_1x02-1MP_P2.00mm_Horizontal,C295747,S2B-PH-SM4-TB(LF)(SN),"SMD,P=2mm,Surface Mount，Right Angle",16430,Extended,0.2364,0.2364,JLC SMT,2026-10-08 02:09,https://www.lcsc.com/product-detail/wire-to-board-connector_jst-s2b-ph-sm4-tb-lf-sn_C295747.html
AP2112K-3.3TRG1,U4,1,SOT-23-5,C51118,AP2112K-3.3TRG1,SOT-25-5,34502,Extended,0.171,0.171,JLC SMT,2026-10-08 02:09,https://www.lcsc.com/product-detail/voltage-regulators-linear-low-drop-out-ldo-regulators_diodes-incorporated-ap2112k-3-3trg1_C51118.html
WS2812B-B,D2,1,LED_WS2812B_PLCC4_5.0x5.0mm_P3.2mm,C2761795,WS2812B-B/T,SMD5050-4P,81023,Extended,0.1069,0.1069,JLC SMT,2026-10-08 02:09,https://www.lcsc.com/product-detail/rgb-leds-built-in-ic_worldsemi-ws2812b-b-t_C2761795.html
SN74LV1T34DBVR,U5,1,SOT-23-5,C100024,SN74LV1T34DBVR,SOT-23-5,24800,Extended,0.3538,0.3538,JLC SMT,2026-10-08 02:09,https://www.lcsc.com/product-detail/buffers-drivers-receivers-transceivers_texas-instruments-sn74lv1t34dbvr_C100024.html
10nF,"C11,C12,C13,C14",4,C_0402_1005Metric,C15195,CL05B103KB5NNNC,0402,3905751,Basic,0.005,0.02,JLC SMT,2026-10-08 02:09,https://www.lcsc.com/product-detail/multilayer-ceramic-capacitors-mlcc-smd-smt_samsung-electro-mechanics-cl05b103kb5nnnc_C15195.html
C53431191 (KEY_TOP/KEY_TR1/KEY_TR2/KEY_BR/KEY_SIDE/KEY_TALL1/KEY_TALL2/KEY_WHEEL),"SW1,SW2,SW3,SW4,SW5,SW6,SW7,SW8,SW9",9,SW_SPST_PTS645,C53431191,TS-1102S-6x6x5.5-160,SMD,1038,Extended,0.0397,0.3573,JLC SMT,2026-10-08 02:09,
EC11E w/ switch 20mm D-shaft,ENC1,1,RotaryEncoder_Alps_EC11E-Switch_Vertical_H20mm,C255515,EC11E18244A5,Plugin,713,Extended,2.4028,2.4028,hand-solder (THT),2026-10-08 02:09,https://www.lcsc.com/product-detail/rotary-encoders_alpsalpine-ec11e18244a5_C255515.html
Mouse wheel encoder 11mm (Kailh/TTC),ENC2,1,MouseEncoder_11mm_3pin,NOT ON LCSC - source Kailh/TTC mouse encoder (Taobao),,,,,0,0,hand-solder (THT),,
"TOTAL parts (1+ price, excl. PCB/SMT/extended-part fees)",,,,,,,,11 extended types,,12.34
