Comment,Designator,Footprint,LCSC Part #
ESP32-S3-WROOM-1-N16R8,U1,ESP32-S3-WROOM-1,C2913202
10uF,"C1,C4,C5,C6,C7",C_0603_1608Metric,C19702
100nF,"C2,C8,C10,C9",C_0402_1005Metric,C1525
22uF,C15,C_0805_2012Metric,C45783
10k,"R1,R2,R13,R14,R15,R16",R_0402_1005Metric,C25744
1uF,C3,C_0402_1005Metric,C52923
C318884 (RESET/BOOT),"SW10,SW11",SW_SPST_TL3342,C318884
TYPE-C-31-M-12,J1,USB_C_Receptacle_HRO_TYPE-C-31-M-12,C165948
5.1k,"R3,R4",R_0402_1005Metric,C25905
USBLC6-2SC6,U2,SOT-23-6,C7519
B5819W,D1,D_SOD-123,C8598
AO3401A,Q1,SOT-23,C15127
100k,"R5,R8,R9",R_0402_1005Metric,C25741
MCP73831T-2ACI/OT,U3,SOT-23-5,C424093
3.3k,R6,R_0402_1005Metric,C25890
15k,R7,R_0402_1005Metric,C25756
22k,"R10,R11",R_0402_1005Metric,C25768
39k,R12,R_0402_1005Metric,C25783
PCM12SMTR,SW12,SW_SPDT_PCM12,C221841
LiPo 3.7V,J2,JST_PH_S2B-PH-SM4-TB_1x02-1MP_P2.00mm_Horizontal,C295747
AP2112K-3.3TRG1,U4,SOT-23-5,C51118
WS2812B-B,D2,LED_WS2812B_PLCC4_5.0x5.0mm_P3.2mm,C2761795
SN74LV1T34DBVR,U5,SOT-23-5,C100024
10nF,"C11,C12,C13,C14",C_0402_1005Metric,C15195
C53431191 (KEY_TOP/KEY_TR1/KEY_TR2/KEY_BR/KEY_SIDE/KEY_TALL1/KEY_TALL2/KEY_WHEEL),"SW1,SW2,SW3,SW4,SW5,SW6,SW7,SW8,SW9",SW_SPST_PTS645,C53431191
