Designator,Mid X,Mid Y,Layer,Rotation
C1,111.000000mm,-124.000000mm,Top,90
C2,111.000000mm,-128.000000mm,Top,90
C3,89.000000mm,-126.000000mm,Top,90
C4,113.000000mm,-73.000000mm,Top,90
C5,123.000000mm,-72.000000mm,Top,90
C6,99.000000mm,-84.000000mm,Top,90
C7,109.000000mm,-89.000000mm,Top,90
C8,120.000000mm,-113.000000mm,Top,90
C9,89.000000mm,-80.000000mm,Top,90
C10,95.000000mm,-78.500000mm,Top,90
C11,112.500000mm,-107.000000mm,Top,90
C12,114.500000mm,-107.000000mm,Top,90
C13,92.500000mm,-87.000000mm,Top,90
C14,94.500000mm,-87.000000mm,Top,90
C15,111.000000mm,-132.000000mm,Top,90
D1,112.000000mm,-78.000000mm,Top,0
D2,84.000000mm,-80.000000mm,Top,0
J1,100.000000mm,-58.400300mm,Top,0
J2,80.000000mm,-106.000000mm,Top,270
Q1,112.000000mm,-83.000000mm,Top,180
R1,89.000000mm,-122.000000mm,Top,90
R2,89.000000mm,-118.000000mm,Top,90
R3,93.000000mm,-62.000000mm,Top,90
R4,107.000000mm,-62.000000mm,Top,90
R5,116.000000mm,-86.000000mm,Top,0
R6,122.000000mm,-78.000000mm,Top,90
R7,122.000000mm,-82.000000mm,Top,90
R8,114.000000mm,-113.000000mm,Top,90
R9,117.000000mm,-113.000000mm,Top,90
R10,125.000000mm,-82.000000mm,Top,90
R11,119.000000mm,-90.000000mm,Top,90
R12,122.000000mm,-90.000000mm,Top,90
R13,108.000000mm,-107.000000mm,Top,90
R14,110.000000mm,-107.000000mm,Top,90
R15,88.000000mm,-87.000000mm,Top,90
R16,90.000000mm,-87.000000mm,Top,90
SW1,85.000000mm,-69.000000mm,Top,0
SW2,103.000000mm,-69.000000mm,Top,0
SW3,120.000000mm,-64.000000mm,Top,0
SW4,138.000000mm,-75.000000mm,Top,0
SW5,136.000000mm,-105.000000mm,Top,0
SW6,66.000000mm,-120.000000mm,Top,0
SW7,118.000000mm,-126.000000mm,Top,0
SW8,136.000000mm,-125.000000mm,Top,0
SW9,60.000000mm,-94.000000mm,Top,90
SW10,94.000000mm,-112.000000mm,Top,0
SW11,103.000000mm,-112.000000mm,Top,0
SW12,131.000000mm,-59.315300mm,Top,180
U1,100.000000mm,-128.500000mm,Top,180
U2,94.000000mm,-71.000000mm,Top,180
U3,118.000000mm,-74.000000mm,Top,180
U4,104.000000mm,-85.000000mm,Top,180
U5,92.000000mm,-78.500000mm,Top,180
