Ref,Val,Package,PosX,PosY,Rot,Side
"C1","10uF","C_0603_1608Metric",111.000000,-124.000000,90.000000,top
"C2","100nF","C_0402_1005Metric",111.000000,-128.000000,90.000000,top
"C3","1uF","C_0402_1005Metric",89.000000,-126.000000,90.000000,top
"C4","10uF","C_0603_1608Metric",113.000000,-73.000000,90.000000,top
"C5","10uF","C_0603_1608Metric",123.000000,-72.000000,90.000000,top
"C6","10uF","C_0603_1608Metric",99.000000,-84.000000,90.000000,top
"C7","10uF","C_0603_1608Metric",109.000000,-89.000000,90.000000,top
"C8","100nF","C_0402_1005Metric",120.000000,-113.000000,90.000000,top
"C9","100nF","C_0402_1005Metric",89.000000,-80.000000,90.000000,top
"C10","100nF","C_0402_1005Metric",95.000000,-78.500000,90.000000,top
"C11","10nF","C_0402_1005Metric",112.500000,-107.000000,90.000000,top
"C12","10nF","C_0402_1005Metric",114.500000,-107.000000,90.000000,top
"C13","10nF","C_0402_1005Metric",92.500000,-87.000000,90.000000,top
"C14","10nF","C_0402_1005Metric",94.500000,-87.000000,90.000000,top
"C15","22uF","C_0805_2012Metric",111.000000,-132.000000,90.000000,top
"D1","B5819W","D_SOD-123",112.000000,-78.000000,0.000000,top
"D2","WS2812B-B","LED_WS2812B_PLCC4_5.0x5.0mm_P3.2mm",84.000000,-80.000000,0.000000,top
"ENC1","EC11E w/ switch 20mm D-shaft","RotaryEncoder_Alps_EC11E-Switch_Vertical_H20mm",92.500000,-95.500000,0.000000,top
"ENC2","Mouse wheel encoder 11mm (Kailh/TTC)","MouseEncoder_11mm_3pin",79.500000,-94.000000,90.000000,top
"J1","TYPE-C-31-M-12","USB_C_Receptacle_HRO_TYPE-C-31-M-12",100.000000,-58.400300,180.000000,top
"J2","LiPo 3.7V","JST_PH_S2B-PH-SM4-TB_1x02-1MP_P2.00mm_Horizontal",80.000000,-106.000000,90.000000,top
"Q1","AO3401A","SOT-23",112.000000,-83.000000,0.000000,top
"R1","10k","R_0402_1005Metric",89.000000,-122.000000,90.000000,top
"R2","10k","R_0402_1005Metric",89.000000,-118.000000,90.000000,top
"R3","5.1k","R_0402_1005Metric",93.000000,-62.000000,90.000000,top
"R4","5.1k","R_0402_1005Metric",107.000000,-62.000000,90.000000,top
"R5","100k","R_0402_1005Metric",116.000000,-86.000000,0.000000,top
"R6","3.3k","R_0402_1005Metric",122.000000,-78.000000,90.000000,top
"R7","15k","R_0402_1005Metric",122.000000,-82.000000,90.000000,top
"R8","100k","R_0402_1005Metric",114.000000,-113.000000,90.000000,top
"R9","100k","R_0402_1005Metric",117.000000,-113.000000,90.000000,top
"R10","22k","R_0402_1005Metric",125.000000,-82.000000,90.000000,top
"R11","22k","R_0402_1005Metric",119.000000,-90.000000,90.000000,top
"R12","39k","R_0402_1005Metric",122.000000,-90.000000,90.000000,top
"R13","10k","R_0402_1005Metric",108.000000,-107.000000,90.000000,top
"R14","10k","R_0402_1005Metric",110.000000,-107.000000,90.000000,top
"R15","10k","R_0402_1005Metric",88.000000,-87.000000,90.000000,top
"R16","10k","R_0402_1005Metric",90.000000,-87.000000,90.000000,top
"SW1","KEY_TOP","SW_SPST_PTS645",85.000000,-69.000000,0.000000,top
"SW2","KEY_TOP","SW_SPST_PTS645",103.000000,-69.000000,0.000000,top
"SW3","KEY_TR1","SW_SPST_PTS645",120.000000,-64.000000,0.000000,top
"SW4","KEY_TR2","SW_SPST_PTS645",138.000000,-75.000000,0.000000,top
"SW5","KEY_BR","SW_SPST_PTS645",136.000000,-105.000000,0.000000,top
"SW6","KEY_SIDE","SW_SPST_PTS645",66.000000,-120.000000,0.000000,top
"SW7","KEY_TALL1","SW_SPST_PTS645",118.000000,-126.000000,0.000000,top
"SW8","KEY_TALL2","SW_SPST_PTS645",136.000000,-125.000000,0.000000,top
"SW9","KEY_WHEEL","SW_SPST_PTS645",60.000000,-94.000000,90.000000,top
"SW10","RESET","SW_SPST_TL3342",94.000000,-112.000000,0.000000,top
"SW11","BOOT","SW_SPST_TL3342",103.000000,-112.000000,0.000000,top
"SW12","PCM12SMTR","SW_SPDT_PCM12",131.000000,-59.315300,180.000000,top
"U1","ESP32-S3-WROOM-1-N16R8","ESP32-S3-WROOM-1",100.000000,-128.500000,180.000000,top
"U2","USBLC6-2SC6","SOT-23-6",94.000000,-71.000000,0.000000,top
"U3","MCP73831T-2ACI/OT","SOT-23-5",118.000000,-74.000000,0.000000,top
"U4","AP2112K-3.3TRG1","SOT-23-5",104.000000,-85.000000,0.000000,top
"U5","SN74LV1T34DBVR","SOT-23-5",92.000000,-78.500000,0.000000,top
